"name_en","name_ar_ku","institution_type","governorate","city","website","phone","email","address","latitude","longitude","status","verification_label","notes"
"click store کلیک ستۆر","","Education-related","Halabja","","","9647510000000.0","clickstore258@gmail.com","شەقامی گشتی, هەڵەبجە, پارێزگای هەڵەبجە","35.1767261","45.9876287","needs_review","","From OSM tags; phone/email/website may be missing or need review. Source URLs: https://www.openstreetmap.org/way/1072306972"
"Nahrain University","جامعة النهرين","public university","Baghdad","","https://nahrainuniv.edu.iq","","info@nahrainuniv.edu.iq","Baghdad","33.278","44.376","official-ish","dual-source verified","Wikidata item with official website; verify before outreach. Source URLs: http://www.wikidata.org/entity/Q37765"
"University of the City of Science","جامعة مدينة العلم","Private university/college","Baghdad","","not found","7278","m.alelem@mauc.edu.iq","Baghdad","","","Active or listed (verify before outreach)","official-guide only","private; official-guide only Source URLs: https://iru.mohesr.gov.iq/result ; https://mohesr.gov.iq/ar/post/%D8%A5%D8%B7%D9%84%D8%A7%D9%82-%D8%AF%D9%84%D9%8A%D9%84-%D8%A7%D9%84%D8%AC%D8%A7%D9%85%D8%B9%D8%A7%D8%AA-%D9%88%D8%A7%D9%84%D9%83%D9%84%D9%8A%D8%A7%D8%AA-%D8%A7%D9%84%D8%A3%D9%87%D9%84%D9%8A%D8%A9-20262025-2025-11-24-21 ; https://mohesr.gov.iq/ar/assets/img/uploaded_files/241120250.pdf"
"The American University of Iraq, Sulaimani","الجامعة الأمريكية في السليمانية","educational institution","Sulaymaniyah","","http://auis.edu.iq","","","Sulaymaniyah","35.57314897","45.3534492","official-ish","KRG MoHE list","Wikidata item with official website; verify before outreach. Source URLs: http://www.wikidata.org/entity/Q4115450"
"University of Kirkuk","جامعة كركوك","public university","Sulaymaniyah","","http://uokirkuk.edu.iq","","","Kirkuk","35.44607","44.3796","official-ish","Federal MoHESR list","Wikidata item with official website; verify before outreach. Source URLs: http://www.wikidata.org/entity/Q4115996"
"Komar University of Science and Technology","جامعة كومار للعلوم والتكنولوجيا","private university","Sulaymaniyah","","http://www.komar.edu.iq","","","Sulaymaniyah","35.5921863","45.3619602","official-ish","KRG MoHE list","Wikidata item with official website; verify before outreach. Source URLs: http://www.wikidata.org/entity/Q22081778"
"Al-Qalam University College","كلية القلم الجامعة","academic institution","Sulaymaniyah","","https://alqalam.edu.iq","","","Kirkuk Governorate","35.48247387","44.46576604","official-ish","official-guide only","Wikidata item with official website; verify before outreach. Source URLs: http://www.wikidata.org/entity/Q25450382"
"Kurdistan Institution for Strategic Studies and Scientific Research","","academic institution","Sulaymaniyah","","http://www.kissr.edu.krd","","","Sulaymaniyah","","","needs_review","KRG MoHE list","From Wikidata; may lack phone/email/website. Source URLs: http://www.wikidata.org/entity/Q28220432"
"University of Human Development","جامعة التنمية البشرية","academic institution","Sulaymaniyah","","http://uhd.edu.iq/en","","","Sulaymaniyah","35.52931","45.495838","official-ish","KRG MoHE list","Wikidata item with official website; verify before outreach. Source URLs: http://www.wikidata.org/entity/Q5989870"
"Al-Mustansiriya University","الجامعة المستنصرية","university","Baghdad","","http://www.uomustansiriyah.edu.iq","","","Baghdad","33.3669473","44.3996353","official-ish","dual-source verified","Wikidata item with official website; verify before outreach. Source URLs: http://www.wikidata.org/entity/Q310842"
"Al Mansour University College","كلية المنصور الجامعة","private university","Baghdad","","https://www.muc.edu.iq","07814238373 ; 07752100100 ; 07852100100","","Baghdad","33.315","44.42833333","official-ish","official-guide only","Wikidata item with official website; verify before outreach. Source URLs: http://www.wikidata.org/entity/Q4704378"
"Baghdad Pharmacy College","كلية بغداد للعلوم الطبية","university","Baghdad","","http://www.bpc.edu.iq/pharmacy/index.php?lang=en","07806020473 ; 07906321215","","Baghdad","33.3497143","44.382707","official-ish","official-guide only","Wikidata item with official website; verify before outreach. Source URLs: http://www.wikidata.org/entity/Q1448977"
"Al-Hikma University","جامعة الحكمة","university","Baghdad","","http://alhikma-iq.com","","","Baghdad","","","needs_review","official-guide only","From Wikidata; may lack phone/email/website. Source URLs: http://www.wikidata.org/entity/Q4702513"
"University of Baghdad","جامعة بغداد","public university","Baghdad","","http://www.uobaghdad.edu.iq","07827203218","","Baghdad","33.27011111","44.38171944","official-ish","dual-source verified","Wikidata item with official website; verify before outreach. Source URLs: http://www.wikidata.org/entity/Q550376"
"Al Rasheed University College","كلية الرشيد الجامعة","private university","Baghdad","","http://www.alrasheed-uc.net","","","Baghdad","33.28472222","44.30944444","needs_review","official-guide only","From Wikidata; may lack phone/email/website. Source URLs: http://www.wikidata.org/entity/Q4704691"
"University of Technology, Iraq","الجامعة التكنولوجية","public university","Baghdad","","http://www.uotechnology.edu.iq","","","Baghdad","33.31132","44.4475","official-ish","Federal MoHESR list","Wikidata item with official website; verify before outreach. Source URLs: http://www.wikidata.org/entity/Q4120423"
"Iraqi University","الجامعة العراقية","public university","Baghdad","","http://www.iubaghdad.edu.iq","","","Baghdad","33.40111111","44.35833333","official-ish","Federal MoHESR list","Wikidata item with official website; verify before outreach. Source URLs: http://www.wikidata.org/entity/Q6068104"
"Sheikh Mohammed Al Kasinzan University College","كلية السلام الجامعة","private university","Baghdad","","https://alsalam.edu.iq","6688 ; 07801117262 ; 07815104556","","Baghdad","33.2287083","44.36965942","official-ish","official-guide only","Wikidata item with official website; verify before outreach. Source URLs: http://www.wikidata.org/entity/Q7492948"
"كلية الباني الجامعة","كلية الباني الجامعة","private university","Baghdad","","albani.edu.iq surfaced in guide indexing; socials exist on WordPress/Instagram footprint","07718777717 ; 07866900663","","Baghdad","33.3009052","44.3385281","needs_review","","From Wikidata; may lack phone/email/website. Source URLs: http://www.wikidata.org/entity/Q16123213"
"College of Imam Al-Adham Abu Hanifa A -Nu'man","كلية الإمام الأعظم الجامعة","school","Baghdad","","http://www.imamaladham.edu.iq","","","Baghdad","33.37227706","44.35744598","official-ish","Federal MoHESR list","Wikidata item with official website; verify before outreach. Source URLs: http://www.wikidata.org/entity/Q12235873"
"Middle Technical University","الجامعة التقنية الوسطى","educational institution","Baghdad","","https://www.mtu.edu.iq","","","Baghdad","33.3195317","44.3654852","official-ish","Federal MoHESR list","Wikidata item with official website; verify before outreach. Source URLs: http://www.wikidata.org/entity/Q23048583"
"al-Farahidi University","جامعة الفراهيدي","academic institution","Baghdad","","https://uoalfarahidi.edu.iq","","","Baghdad","33.27035","44.360969","official-ish","official-guide only","Wikidata item with official website; verify before outreach. Source URLs: http://www.wikidata.org/entity/Q25450401"
"University of Fallujah","جامعة الفلوجة","public university","Baghdad","","http://uofallujah.edu.iq","","","Fallujah","33.357192","43.793413","official-ish","Federal MoHESR list","Wikidata item with official website; verify before outreach. Source URLs: http://www.wikidata.org/entity/Q22686995"
"College of Imam Al-Kadhim","كلية الإمام الكاظم للعلوم الإسلامية الجامعة","college","Baghdad","","http://www.alkadhum-col.edu.iq","","","Baghdad","33.37793994","44.42284686","official-ish","Federal MoHESR list","Wikidata item with official website; verify before outreach. Source URLs: http://www.wikidata.org/entity/Q22689357"
"Al-Nisour University","كلية النسور الجامعة","academic institution","Baghdad","","https://nuc.edu.iq/en","","","Baghdad","33.304367","44.35539","official-ish","official-guide only","Wikidata item with official website; verify before outreach. Source URLs: http://www.wikidata.org/entity/Q25450407"
"Albayan University","جامعة البيان","private university","Baghdad","","https://albayan.edu.iq","","","Baghdad","33.28447461","44.28194473","official-ish","official-guide only","Wikidata item with official website; verify before outreach. Source URLs: http://www.wikidata.org/entity/Q28715338"
"Al-Esraa University College","جامعة الإسراء","higher education institution","Baghdad","","https://www.esraa.edu.iq","","","Baghdad","","","official-ish","official-guide only","Wikidata item with official website; verify before outreach. Source URLs: http://www.wikidata.org/entity/Q130478447"
"Al Yarmouk University College","كلية اليرموك الجامعة","private university","Baghdad","","http://al-yarmok.com","07737497053","","Baqubah","33.3","44.44444444","needs_review","official-guide only","From Wikidata; may lack phone/email/website. Source URLs: http://www.wikidata.org/entity/Q4705001"
"Baghdad College","كلية بغداد","school","Baghdad","","http://www.baghdadcollege.net","07827203218","","Baghdad, Al-Jadriya; Presidency of the University of Baghdad","33.38501944","44.37063333","needs_review","dual-source verified","From Wikidata; may lack phone/email/website. Source URLs: http://www.wikidata.org/entity/Q4841810"
"Al-Turath University","جامعة التراث","private university","Baghdad","","https://uoturath.edu.iq","6112 ; 6113","","Baghdad","33.31846275","44.36075963","official-ish","official-guide only","Wikidata item with official website; verify before outreach. Source URLs: http://www.wikidata.org/entity/Q4704901"
"University of Basrah","جامعة البصرة","university","Basra","","http://www.uobasrah.edu.iq","","","Basra","","","official-ish","Federal MoHESR list","Wikidata item with official website; verify before outreach. Source URLs: http://www.wikidata.org/entity/Q1477607"
"University of Misan","جامعة ميسان","university","Basra","","http://www.uomisan.edu.iq","","","Amarah","31.8108","47.1758","official-ish","Federal MoHESR list","Wikidata item with official website; verify before outreach. Source URLs: http://www.wikidata.org/entity/Q7895817"
"Shatt Al-Arab University College","جامعة شط العرب","private university","Basra","","http://www.sa-cu.net","07717008900 ; 07837467331 ; 07811529720","","Basra","30.54416667","47.78833333","needs_review","official-guide only","From Wikidata; may lack phone/email/website. Source URLs: http://www.wikidata.org/entity/Q7490673"
"Basrah University for Oil and Gas","جامعة البصرة للنفط والغاز","university","Basra","","https://buog.edu.iq","","","Basra","","","official-ish","Federal MoHESR list","Wikidata item with official website; verify before outreach. Source URLs: http://www.wikidata.org/entity/Q12204461"
"Iraq University College","دانشگاه کالج عراق","educational institution","Basra","","http://www.iraqiuniversity.net","","","Basra","30.509321","47.782235","needs_review","official-guide only","From Wikidata; may lack phone/email/website. Source URLs: http://www.wikidata.org/entity/Q30266470"
"Al-Maaqal University","جامعة المعقل الأهلية","private university","Basra","","https://almaaqal.edu.iq","","","Basra","30.55710438","47.79653009","official-ish","official-guide only","Wikidata item with official website; verify before outreach. Source URLs: http://www.wikidata.org/entity/Q114756495"
"University of Duhok","جامعة دهوك","university","Nineveh","","http://uod.ac","","","Duhok","36.85924222","42.92168278","needs_review","KRG MoHE list","From Wikidata; may lack phone/email/website. Source URLs: http://www.wikidata.org/entity/Q3666468"
"University of Mosul","جامعة الموصل","public university","Nineveh","","http://www.uomosul.edu.iq","","","Mosul","36.37648056","43.14218889","official-ish","Federal MoHESR list","Wikidata item with official website; verify before outreach. Source URLs: http://www.wikidata.org/entity/Q2743336"
"Tishk International University","جامعة تيشك","private university","Nineveh","","https://tiu.edu.iq","","","Erbil","36.169547","43.95729","official-ish","KRG MoHE list","Wikidata item with official website; verify before outreach. Source URLs: http://www.wikidata.org/entity/Q6080223"
"Nawroz University","جامعة نوروز","private university","Nineveh","","http://web.nawroz.edu.krd","","","Duhok","36.860566","42.896437","needs_review","KRG MoHE list","From Wikidata; may lack phone/email/website. Source URLs: http://www.wikidata.org/entity/Q12204548"
"American University of Kurdistan","الجامعة الأمريكية في كردستان","private university","Nineveh","","http://audk.edu.krd","","","Duhok","36.86143889","42.861675","needs_review","","From Wikidata; may lack phone/email/website. Source URLs: http://www.wikidata.org/entity/Q18162019"
"Northern Technical University","الجامعة التقنية الشمالية","academic institution","Nineveh","","https://ntu.edu.iq","","","Mosul","36.383915","43.153716","official-ish","Federal MoHESR list","Wikidata item with official website; verify before outreach. Source URLs: http://www.wikidata.org/entity/Q25450423"
"Al-Kitab University","جامعة الكتاب","academic institution","Nineveh","","https://www.uoalkitab.edu.iq","","","Kirkuk Governorate","35.7600806","44.15531209","official-ish","official-guide only","Wikidata item with official website; verify before outreach. Source URLs: http://www.wikidata.org/entity/Q25450394"
"Ninevah University","جامعة نينوى","academic institution","Nineveh","","https://uoninevah.edu.iq","","","Mosul","","","official-ish","Federal MoHESR list","Wikidata item with official website; verify before outreach. Source URLs: http://www.wikidata.org/entity/Q25450275"
"Alnoor University","جامعة النور","academic institution","Nineveh","","https://alnoor.edu.iq","","","Shekhan District","36.35077387","43.36639459","official-ish","official-guide only","Wikidata item with official website; verify before outreach. Source URLs: http://www.wikidata.org/entity/Q25450337"
"Knowledge University","جامعة نولج","private university","Nineveh","","https://knu.edu.iq","","","Erbil","36.113511","44.045642","official-ish","KRG MoHE list","Wikidata item with official website; verify before outreach. Source URLs: http://www.wikidata.org/entity/Q38916258"
"Duhok Technical Institute","","university","Nineveh","","dhk-pti.com","","","Duhok","36.86137","42.98034","needs_review","KRG MoHE list","From Wikidata; may lack phone/email/website. Source URLs: http://www.wikidata.org/entity/Q26856052"
"Cihan University-Duhok","جامعة جيهان - دهوک","university","Nineveh","","http://duhokcihan.edu.krd","","","Duhok","36.87842111","42.88687417","needs_review","KRG MoHE list","From Wikidata; may lack phone/email/website. Source URLs: http://www.wikidata.org/entity/Q106916672"
"Koya University","جامعة كويه","university","Erbil","","http://www.koyauniversity.org","","","Erbil","","","needs_review","KRG MoHE list","From Wikidata; may lack phone/email/website. Source URLs: http://www.wikidata.org/entity/Q1450490"
"Hawler Medical University","جامعة هولير الطبية","university","Erbil","","http://www.hmu.edu.krd","+964 66 2273383 ; +964 66 2273384","","Erbil","","","needs_review","dual-source verified","From Wikidata; may lack phone/email/website. Source URLs: http://www.wikidata.org/entity/Q3666590"
"Salahaddin University-Erbil","جامعة صلاح الدين","university","Erbil","","https://su.edu.krd","","","Erbil","","","needs_review","KRG MoHE list","From Wikidata; may lack phone/email/website. Source URLs: http://www.wikidata.org/entity/Q369629"
"Soran University","جامعة سوران","university","Erbil","","http://www.soran.edu.iq","","","Soran","36.6968","44.5289","official-ish","KRG MoHE list","Wikidata item with official website; verify before outreach. Source URLs: http://www.wikidata.org/entity/Q7563285"
"Cihan University-Erbil","جامعة جيهان","private university","Erbil","","http://www.cihanuniversity.edu.iq","","","Erbil","","","official-ish","KRG MoHE list","Wikidata item with official website; verify before outreach. Source URLs: http://www.wikidata.org/entity/Q18347698"
"International University of Erbil","جامعة أربيل الدولية","educational institution","Erbil","","ue.edu.krd","","","Erbil","","","needs_review","KRG MoHE list","From Wikidata; may lack phone/email/website. Source URLs: http://www.wikidata.org/entity/Q23308948"
"knowledge university","جامعة نولج","educational institution","Erbil","","knu.edu.iq","","","Erbil","","","needs_review","KRG MoHE list","From Wikidata; may lack phone/email/website. Source URLs: http://www.wikidata.org/entity/Q23308978"
"Catholic University in Erbil","الجامعة الكاثوليكية في أربيل","private university","Erbil","","http://www.cue.edu.krd","","","Erbil","","","needs_review","KRG MoHE list","From Wikidata; may lack phone/email/website. Source URLs: http://www.wikidata.org/entity/Q28221491"
"Bayan University","جامعة بيان","private university","Erbil","","https://bnu.edu.iq","","","Erbil","","","official-ish","official-guide only","Wikidata item with official website; verify before outreach. Source URLs: http://www.wikidata.org/entity/Q25450518"
"Lebanese French University","الجامعة اللبنانية الفرنسية للأعمال والإدارة في أربيل","private university","Erbil","","https://lfu.edu.krd","","","Erbil","","","needs_review","KRG MoHE list","From Wikidata; may lack phone/email/website. Source URLs: http://www.wikidata.org/entity/Q4836010"
"Erbil Polytechnic University","جامعة أربيل التقنية","academic institution","Erbil","","epu.edu.iq","","","Erbil","","","needs_review","KRG MoHE list","From Wikidata; may lack phone/email/website. Source URLs: http://www.wikidata.org/entity/Q25450455"
"University of Karbala","جامعة كربلاء","public university","Anbar","","http://www.uokerbala.edu.iq","","","Karbala","32.6092","44.0031","official-ish","Federal MoHESR list","Wikidata item with official website; verify before outreach. Source URLs: http://www.wikidata.org/entity/Q4120426"
"University of AL-Maarif","جامعة المعارف","private university","Anbar","","http://www.auc-edu.org","07735544777 ; 07835544777","","Ramadi","33.43100972","43.33724723","needs_review","official-guide only","From Wikidata; may lack phone/email/website. Source URLs: http://www.wikidata.org/entity/Q4704329"
"Ahlulbait University College","جامعة أهل البيت","private university","Anbar","","http://www.ahlulbaitonline.com/karbala","","","Karbala","32.64152171","43.99451327","needs_review","official-site corroborated","From Wikidata; may lack phone/email/website. Source URLs: http://www.wikidata.org/entity/Q4695210"
"University of Anbar","جامعة الأنبار","university","Anbar","","http://www.uoanbar.edu.iq","","","Ramadi","33.4027","43.2623","official-ish","Federal MoHESR list","Wikidata item with official website; verify before outreach. Source URLs: http://www.wikidata.org/entity/Q7895053"
"University of Tikrit","جامعة تكريت","university","Anbar","","http://www.tu.edu.iq/en","","","Tikrit","34.6808","43.6548","official-ish","Federal MoHESR list","Wikidata item with official website; verify before outreach. Source URLs: http://www.wikidata.org/entity/Q7896464"
"Al-Zahrawi University","[جامعة الزهراوي","academic institution","Anbar","","https://www.alzahu.edu.iq","","","Karbala","32.51923252","44.11929246","official-ish","official-guide only","Wikidata item with official website; verify before outreach. Source URLs: http://www.wikidata.org/entity/Q25450349"
"University of Al-Ameed","جامعة العميد","higher education institution","Anbar","","https://alameed.edu.iq","","","Karbala","32.55824207","44.07394455","official-ish","official-guide only","Wikidata item with official website; verify before outreach. Source URLs: http://www.wikidata.org/entity/Q54874671"
"University of Diyala","جامعة ديالى","university","Diyala","","http://www.uodiyala.edu.iq","","","Baqubah","33.6789","44.5983","official-ish","Federal MoHESR list","Wikidata item with official website; verify before outreach. Source URLs: http://www.wikidata.org/entity/Q4120041"
"University of Babylon","جامعة بابل","university","Babil","","https://www.uobabylon.edu.iq","","","Hillah","32.3927","44.4013","official-ish","Federal MoHESR list","Wikidata item with official website; verify before outreach. Source URLs: http://www.wikidata.org/entity/Q7895102"
"University of Alkafeel","جامعة الكفيل","private university","Babil","","http://en.uch.edu.iq","","","Najaf","32.06863441","44.2901682","official-ish","official-guide only","Wikidata item with official website; verify before outreach. Source URLs: http://www.wikidata.org/entity/Q5939496"
"Al-Mustaqbal University","كلية المستقبل الجامعة","academic institution","Babil","","https://www.uomus.edu.iq","","","Hillah","32.39656703","44.40428882","official-ish","official-guide only","Wikidata item with official website; verify before outreach. Source URLs: http://www.wikidata.org/entity/Q25450310"
"University of Kufa","جامعة الكوفة","public university","Najaf","","http://kuiraq.com/en","","","Najaf","32.0196","44.3761","needs_review","Federal MoHESR list","From Wikidata; may lack phone/email/website. Source URLs: http://www.wikidata.org/entity/Q4120419"
"University of Al-Qadisiyah","جامعة القادسية","public university","Najaf","","http://www.qadissuni.edu.iq","","","Al Diwaniyah","32.0006","44.8786","official-ish","Federal MoHESR list","Wikidata item with official website; verify before outreach. Source URLs: http://www.wikidata.org/entity/Q4120068"
"Islamic University of Najaf","الجامعة الإسلامية","university","Najaf","","https://iunajaf.edu.iq","","","Najaf city center","32.013272","44.360216","official-ish","official-guide only","Wikidata item with official website; verify before outreach. Source URLs: http://www.wikidata.org/entity/Q6082651"
"University of Wasit","جامعة واسط","educational institution","Wasit","","http://www.uowasit.edu.iq","","","Kut","32.5002","45.8385","official-ish","Federal MoHESR list","Wikidata item with official website; verify before outreach. Source URLs: http://www.wikidata.org/entity/Q4120037"
"University of Thi Qar","جامعة ذي قار","university","Maysan","","https://utq.edu.iq","","","Nasiriyah","31.0506","46.2208","official-ish","Federal MoHESR list","Wikidata item with official website; verify before outreach. Source URLs: http://www.wikidata.org/entity/Q1532864"
"AlManara University","جامعة المنارة","educational institution","Maysan","","https://uomanara.edu.iq","","","Maysan Governorate","","","official-ish","official-guide only","Wikidata item with official website; verify before outreach. Source URLs: http://www.wikidata.org/entity/Q42332086"
"National University of Science and Technology","الجامعة الوطنية للعلوم والتكنولوجيا","academic institution","Maysan","","https://nust.edu.iq","","","Nasiriyah","31.04399841","46.2706724","official-ish","official-guide only","Wikidata item with official website; verify before outreach. Source URLs: http://www.wikidata.org/entity/Q25450689"
"Al-Muthana University","جامعة المثنى","public university","Muthanna","","http://www.uoalmuthana.edu.iq","","","Samawah","31.33861111","45.28888889","official-ish","Federal MoHESR list","Wikidata item with official website; verify before outreach. Source URLs: http://www.wikidata.org/entity/Q4702996"
"University of Halabja","جامعة حلبجة","university","Halabja","","http://uoh.edu.iq","","","Kurdistan Region of Iraq","","","official-ish","KRG MoHE list","Wikidata item with official website; verify before outreach. Source URLs: http://www.wikidata.org/entity/Q21714634"
"University of Warith Al-Anbiyaa","جامعة وارث الأنبياء","educational institution","Karbala","","https://uowa.edu.iq","","","Karbala","","","official-ish","official-guide only","Wikidata item with official website; verify before outreach. Source URLs: http://www.wikidata.org/entity/Q40378878"
"Al-Safwa University College","جامعة الصفوة","higher education institution","Karbala","","https://www.alsafwa.edu.iq","","","Karbala","","","official-ish","official-guide only","Wikidata item with official website; verify before outreach. Source URLs: http://www.wikidata.org/entity/Q130478582"
"University of Sulaymaniyah","جامعة السليمانية","university","Sulaymaniyah","","http://univsul.edu.iq","","","Sulaymaniyah","","","official-ish","","Wikidata item with official website; verify before outreach. Source URLs: http://www.wikidata.org/entity/Q3666593"
"Slemani Polytechnic University","جامعة السليمانية التقنية","university","Sulaymaniyah","","http://www.spu.edu.iq/ku","","","Sulaymaniyah","","","official-ish","","Wikidata item with official website; verify before outreach. Source URLs: http://www.wikidata.org/entity/Q15261242"
"oil training institute","معهد التدريب النفطي","technical school","Sulaymaniyah","","http://www.elearningmoo.com/ar/institutes/boti.php","","","Kirkuk","35.49392049","44.36914985","needs_review","","From Wikidata; may lack phone/email/website. Source URLs: http://www.wikidata.org/entity/Q112666313"
"The Music and Ballet School of Baghdad","مدرسة بغداد للموسيقى والباليه","music school","Baghdad","","","","","","","","needs_review","","From Wikidata; may lack phone/email/website. Source URLs: http://www.wikidata.org/entity/Q4117867"
"Al Mutamayizeen Secondary","ثانوية المتميزين","school","Baghdad","","","","","Baghdad","","","needs_review","","From Wikidata; may lack phone/email/website. Source URLs: http://www.wikidata.org/entity/Q4704517"
"Dijla University College","كلية دجلة الجامعة","private university","Baghdad","","http://www.duc.edu.iq","","","Baghdad","33.26136671","44.41295645","official-ish","","Wikidata item with official website; verify before outreach. Source URLs: http://www.wikidata.org/entity/Q4120429"
"The Gifted Students' School-Iraq","مدرسة الموهوبين","school","Baghdad","","http://iraqigs.com","","","Baghdad","","","needs_review","","From Wikidata; may lack phone/email/website. Source URLs: http://www.wikidata.org/entity/Q7736424"
"Shamash School","مدرسة شماش","secondary school","Baghdad","","","","","Baghdad","33.3201","44.4205","needs_review","","From Wikidata; may lack phone/email/website. Source URLs: http://www.wikidata.org/entity/Q7487432"
"Mosque of Morgan","جامع مرجان","school","Baghdad","","","","","Baghdad","33.339","44.3935","needs_review","","From Wikidata; may lack phone/email/website. Source URLs: http://www.wikidata.org/entity/Q12204368"
"معهد التكنولوجيا بغداد","معهد التكنولوجيا بغداد","institute of technology","Baghdad","","","","","Baghdad","","","needs_review","","From Wikidata; may lack phone/email/website. Source URLs: http://www.wikidata.org/entity/Q6862113"
"Markaziyah High School","الإعدادية المركزية","secondary school","Baghdad","","","","","Baghdad","33.315","44.3661","needs_review","","From Wikidata; may lack phone/email/website. Source URLs: http://www.wikidata.org/entity/Q6770580"
"دار المعلمين العالية","دار المعلمين العالية","school","Baghdad","","","","","Baghdad","","","needs_review","","From Wikidata; may lack phone/email/website. Source URLs: http://www.wikidata.org/entity/Q12211271"
"Mosque of Ahmadiyah","جامع الأحمدية","school","Baghdad","","","","","Baghdad","33.34361111","44.38583333","needs_review","","From Wikidata; may lack phone/email/website. Source URLs: http://www.wikidata.org/entity/Q12204184"
"المدرسة التتشية","المدرسة التتشية","school","Baghdad","","","","","Baghdad","","","needs_review","","From Wikidata; may lack phone/email/website. Source URLs: http://www.wikidata.org/entity/Q12192605"
"كلية الصيدلة جامعة بغداد","كلية الصيدلة جامعة بغداد","academic division","Baghdad","","","","","","","","needs_review","","From Wikidata; may lack phone/email/website. Source URLs: http://www.wikidata.org/entity/Q6840432"
"كلية الهندسة بجامعة بغداد","كلية الهندسة بجامعة بغداد","academic division","Baghdad","","","","","","","","needs_review","","From Wikidata; may lack phone/email/website. Source URLs: http://www.wikidata.org/entity/Q6840623"
"Kullīyat al-Ṭibb al-Bayṭarī","كلية الطب البيطري جامعة بغداد","academic division","Baghdad","","","","","","","","needs_review","","From Wikidata; may lack phone/email/website. Source URLs: http://www.wikidata.org/entity/Q6840449"
"كلية الادارة والاقتصاد جامعة بغداد","كلية الادارة والاقتصاد جامعة بغداد","academic division","Baghdad","","","","","","","","needs_review","","From Wikidata; may lack phone/email/website. Source URLs: http://www.wikidata.org/entity/Q12235887"
"كلية التربية ابن الهيثم جامعة بغداد","كلية التربية ابن الهيثم جامعة بغداد","academic division","Baghdad","","","","","","","","needs_review","","From Wikidata; may lack phone/email/website. Source URLs: http://www.wikidata.org/entity/Q12235907"
"The Arab History and Scientific Heritage Institute","معهد التاريخ العربي والتراث العلمي","academic institution","Baghdad","","https://unionarabhistorian.com/index","","","Baghdad Governorate","","","needs_review","","From Wikidata; may lack phone/email/website. Source URLs: http://www.wikidata.org/entity/Q22690049"
"Mustansiriyya Madrasa","المدرسة المستنصرية","madrasa","Baghdad","","","","","Baghdad","33.3385","44.3896","needs_review","","From Wikidata; may lack phone/email/website. Source URLs: http://www.wikidata.org/entity/Q15260416"
"College of Education Ibn Rushd University of Baghdad","كلية التربية ابن رشد جامعة بغداد","academic division","Baghdad","","https://ircoedu.uobaghdad.edu.iq","","","","33.353853","44.390924","official-ish","","Wikidata item with official website; verify before outreach. Source URLs: http://www.wikidata.org/entity/Q12235909"
"University of Baghdad College of Fine Arts","كلية الفنون الجميلة","art academy","Baghdad","","","","","","33.3152","44.3676","needs_review","","From Wikidata; may lack phone/email/website. Source URLs: http://www.wikidata.org/entity/Q16123483"
"Institute of Fine Art in Baghdad","معهد الفنون الجميلة","educational institution","Baghdad","","","","","Baghdad Governorate","","","needs_review","","From Wikidata; may lack phone/email/website. Source URLs: http://www.wikidata.org/entity/Q12244320"
"كلية التربية بجامعة بغداد","كلية التربية بجامعة بغداد","academic division","Baghdad","","","","","","33.35388634","44.39150043","needs_review","","From Wikidata; may lack phone/email/website. Source URLs: http://www.wikidata.org/entity/Q12235925"
"كلية الإعلام جامعة بغداد","كلية الإعلام جامعة بغداد","academic division","Baghdad","","","","","","","","needs_review","","From Wikidata; may lack phone/email/website. Source URLs: http://www.wikidata.org/entity/Q20412375"
"Osol Aldeen University College","كلية أصول الدين الجامعة","academic institution","Baghdad","","","","","Baghdad","33.35460455","44.38739369","needs_review","","From Wikidata; may lack phone/email/website. Source URLs: http://www.wikidata.org/entity/Q25450390"
"كلية المصطفى الجامعة","كلية المصطفى الجامعة","private university","Baghdad","","","","","Baghdad","33.36160807","44.39986551","needs_review","","From Wikidata; may lack phone/email/website. Source URLs: http://www.wikidata.org/entity/Q25450392"
"كلية العراق صدر الجامعة","كلية العراق صدر الجامعة","private university","Baghdad","","","","","Baghdad","","","needs_review","","From Wikidata; may lack phone/email/website. Source URLs: http://www.wikidata.org/entity/Q22689359"
"Kullīyat al-Isrāʼ al-Jāmiʻah","كلية الأسراء الجامعة","private university","Baghdad","","","","","Baghdad","33.31664309","44.42679928","needs_review","","From Wikidata; may lack phone/email/website. Source URLs: http://www.wikidata.org/entity/Q25450393"
"كلية العلوم الإسلامية","كلية العلوم الإسلامية","university","Baghdad","","","","","Baghdad","","","needs_review","","From Wikidata; may lack phone/email/website. Source URLs: http://www.wikidata.org/entity/Q22689360"
"Police College","","police college","Baghdad","","","","","","33.33432","44.43893","needs_review","","From Wikidata; may lack phone/email/website. Source URLs: http://www.wikidata.org/entity/Q26856060"
"Al Mamoon","","university","Baghdad","","","","","","33.29949","44.32561","needs_review","","From Wikidata; may lack phone/email/website. Source URLs: http://www.wikidata.org/entity/Q26856065"
"University of Baghdad Al-Waziriya Campus College of Administration and Economy","","business school","Baghdad","","","","","","","","needs_review","","From Wikidata; may lack phone/email/website. Source URLs: http://www.wikidata.org/entity/Q99287166"
"University of Baghdad Bab Al-Moadham Campus College of Pharmacy","","faculty of pharmacy","Baghdad","","","","","","","","needs_review","","From Wikidata; may lack phone/email/website. Source URLs: http://www.wikidata.org/entity/Q99289512"
"University of Baghdad Al-Waziriya Campus College of Law","","law school","Baghdad","","","","","","","","needs_review","","From Wikidata; may lack phone/email/website. Source URLs: http://www.wikidata.org/entity/Q99298266"
"University of Baghdad Nahda Cross Road Campus Al-Kindy College of Medicine","","medical school","Baghdad","","","","","","","","needs_review","","From Wikidata; may lack phone/email/website. Source URLs: http://www.wikidata.org/entity/Q99298730"
"University of Baghdad Bab al-Moadham Campus College of Medicine","","medical school","Baghdad","","","","","","","","needs_review","","From Wikidata; may lack phone/email/website. Source URLs: http://www.wikidata.org/entity/Q99298729"
"College of Science for Women, University of Baghdad","","college","Baghdad","","https://en.csw.uobaghdad.edu.iq","","","Baghdad Governorate","","","official-ish","","Wikidata item with official website; verify before outreach. Source URLs: http://www.wikidata.org/entity/Q52661224"
"University of Baghdad Department of Civil Engineering","","engineering college","Baghdad","","","","","","","","needs_review","","From Wikidata; may lack phone/email/website. Source URLs: http://www.wikidata.org/entity/Q99290330"
"University of Baghdad Al-Jaderyia Campus Al-Khwarizmi College of Engineering","","engineering college","Baghdad","","","","","","","","needs_review","","From Wikidata; may lack phone/email/website. Source URLs: http://www.wikidata.org/entity/Q99290329"
"University of Baghdad College of Engineering","","engineering college","Baghdad","","","","","","","","needs_review","","From Wikidata; may lack phone/email/website. Source URLs: http://www.wikidata.org/entity/Q100998798"
"Ashur University","","higher education institution","Baghdad","","https://au.edu.iq","","","Baghdad","","","official-ish","","Wikidata item with official website; verify before outreach. Source URLs: http://www.wikidata.org/entity/Q130473927"
"Mashreq University","جامعة المشرق الأهلية","private university","Baghdad","","https://www.uom.edu.iq","","","Baghdad","33.27447083","44.27098885","official-ish","","Wikidata item with official website; verify before outreach. Source URLs: http://www.wikidata.org/entity/Q110499462"
"كلية الشرق الأوسط الجامعة الأهلية","كلية الشرق الأوسط الجامعة الأهلية","private university","Baghdad","","https://www.meuc.edu.iq","","","Baghdad","33.30851841","44.20251985","official-ish","","Wikidata item with official website; verify before outreach. Source URLs: http://www.wikidata.org/entity/Q114757071"
"Judicial Institute of Iraq","المعهد القضائي (العراق)","school","Baghdad","","","","","Adhamiya district","33.37288889","44.38613889","needs_review","","From Wikidata; may lack phone/email/website. Source URLs: http://www.wikidata.org/entity/Q111412852"
"كلية علوم الهندسة الزراعية","كلية علوم الهندسة الزراعية","college","Baghdad","","https://coagri.uobaghdad.edu.iq","","","Al-Jadriya","33.268799","44.379015","official-ish","","Wikidata item with official website; verify before outreach. Source URLs: http://www.wikidata.org/entity/Q115012701"
"Faculty of Law, University of Baghdad","كلية القانون بجامعة بغداد","academic division","Baghdad","","","","","Baghdad","","","needs_review","","From Wikidata; may lack phone/email/website. Source URLs: http://www.wikidata.org/entity/Q118929466"
"College of Agriculture – University of Baghdad.","","research institute","Baghdad","","","","","","","","needs_review","","From Wikidata; may lack phone/email/website. Source URLs: http://www.wikidata.org/entity/Q74551479"
"Gilgamesh University","جامعة كلكامش الأهلية","private university","Baghdad","","https://www.gau.edu.iq/index.html","9647730000000.0","","Baghdad","33.22242234","44.3888203","official-ish","","Wikidata item with official website; verify before outreach. Source URLs: http://www.wikidata.org/entity/Q114756355"
"University of Al-Ma'mun","كلية المأمون الجامعة","educational institution","Baghdad","","http://www.almamonuc.org","","","Baghdad","33.337733","44.339853","needs_review","","From Wikidata; may lack phone/email/website. Source URLs: http://www.wikidata.org/entity/Q12236075"
"Baghdad Nuclear Research Facility","منشأة التويثة للأبحاث النووية","laboratory","Baghdad","","","","","","33.205","44.515","needs_review","","From Wikidata; may lack phone/email/website. Source URLs: http://www.wikidata.org/entity/Q4841818"
"American University of Iraq - Baghdad","الجامعة الأمريكية في بغداد","private university","Baghdad","","https://auib.edu.iq","","","Baghdad Governorate","33.28456395","44.25648361","official-ish","","Wikidata item with official website; verify before outreach. Source URLs: http://www.wikidata.org/entity/Q107675529"
"كلية العلوم السياسية جامعة بغداد","كلية العلوم السياسية جامعة بغداد","academic division","Baghdad","","","","","","","","needs_review","","From Wikidata; may lack phone/email/website. Source URLs: http://www.wikidata.org/entity/Q12236041"
"كلية اللغات جامعة بغداد","كلية اللغات جامعة بغداد","academic division","Baghdad","","","","","","","","needs_review","","From Wikidata; may lack phone/email/website. Source URLs: http://www.wikidata.org/entity/Q12236074"
"Uruk University","جامعة أوروك","academic institution","Baghdad","","https://uruk.edu.iq","","","Baghdad","33.3088022","44.43962162","official-ish","","Wikidata item with official website; verify before outreach. Source URLs: http://www.wikidata.org/entity/Q25450682"
"College of Science – University of Baghdad","كلية العلوم بجامعة بغداد","educational institution","Baghdad","","http://www.scbaghdad.edu.iq","","","","","","official-ish","","Wikidata item with official website; verify before outreach. Source URLs: http://www.wikidata.org/entity/Q5146838"
"College of Medicine University of Baghdad","كلية الطب بجامعة بغداد","medical school","Baghdad","","","","","","33.3152","44.3661","needs_review","","From Wikidata; may lack phone/email/website. Source URLs: http://www.wikidata.org/entity/Q5146773"
"كلية الآمال الجامعة","كلية الآمال الجامعة","private university","Baghdad","","","","","Baghdad","33.29335115","44.40346165","needs_review","","From Wikidata; may lack phone/email/website. Source URLs: http://www.wikidata.org/entity/Q25450680"
"College of Dentistry University of Baghdad","كلية طب الأسنان","academic division","Baghdad","","","","","","","","needs_review","","From Wikidata; may lack phone/email/website. Source URLs: http://www.wikidata.org/entity/Q5146674"
"Baghdad College for Economic Sciences University","كلية بغداد للعلوم الاقتصادية الجامعة","private university","Baghdad","","http://baghdadcollege.edu.iq","","","Baghdad","33.34083333","44.33472222","official-ish","","Wikidata item with official website; verify before outreach. Source URLs: http://www.wikidata.org/entity/Q4841812"
"Alrafidain University College","كلية الرافدين الجامعة","private university","Baghdad","","http://www.coalrafidain.edu.iq","","","Baghdad","33.36416667","44.40722222","official-ish","","Wikidata item with official website; verify before outreach. Source URLs: http://www.wikidata.org/entity/Q4735687"
"Alasifia school","مدرسة الآصفية","school","Baghdad","","","","","Baghdad","33.3775393","44.3706411","needs_review","","From Wikidata; may lack phone/email/website. Source URLs: http://www.wikidata.org/entity/Q12241633"
"Q138647637","","madrasa","Baghdad","","","","","Baghdad","33.34647496","44.38323283","needs_review","","From Wikidata; may lack phone/email/website. Source URLs: http://www.wikidata.org/entity/Q138647637"
"Madenat Alelem University College","كلية مدينة العلم الجامعة","private university","Baghdad","","http://www.madenatalelem.com","","","Baghdad","33.39429318","44.3082036","needs_review","","From Wikidata; may lack phone/email/website. Source URLs: http://www.wikidata.org/entity/Q6727119"
"كلية طب الكندي بجامعة بغداد","كلية طب الكندي بجامعة بغداد","college","Baghdad","","","","","","","","needs_review","","From Wikidata; may lack phone/email/website. Source URLs: http://www.wikidata.org/entity/Q12236151"
"Baghdad Conservatory","معهد الموسيقى العراقي","conservatory","Baghdad","","","","","","","","needs_review","","From Wikidata; may lack phone/email/website. Source URLs: http://www.wikidata.org/entity/Q4841811"
"Technical College","الكلية التقنية الهندسية البصرة","school","Basra","","","","","","30.45583333","47.77166667","needs_review","","From Wikidata; may lack phone/email/website. Source URLs: http://www.wikidata.org/entity/Q4119482"
"كلية التمريض جامعة البصرة","كلية التمريض جامعة البصرة","academic division","Basra","","","","","","","","needs_review","","From Wikidata; may lack phone/email/website. Source URLs: http://www.wikidata.org/entity/Q12235935"
"كلية الصيدلة جامعة البصرة","كلية الصيدلة جامعة البصرة","academic division","Basra","","","","","","","","needs_review","","From Wikidata; may lack phone/email/website. Source URLs: http://www.wikidata.org/entity/Q12236001"
"كلية الزراعة جامعة البصرة","كلية الزراعة جامعة البصرة","academic division","Basra","","http://cab.uobasrah.edu.iq","","","Basra","30.562221","47.744155","official-ish","","Wikidata item with official website; verify before outreach. Source URLs: http://www.wikidata.org/entity/Q12235978"
"كلية الإدارة والاقتصاد جامعة البصرة","كلية الإدارة والاقتصاد جامعة البصرة","academic division","Basra","","","","","","","","needs_review","","From Wikidata; may lack phone/email/website. Source URLs: http://www.wikidata.org/entity/Q12235878"
"كلية التربية الرياضية جامعة البصرة","كلية التربية الرياضية جامعة البصرة","academic division","Basra","","","","","","","","needs_review","","From Wikidata; may lack phone/email/website. Source URLs: http://www.wikidata.org/entity/Q12235914"
"كلية التربية جامعة البصرة","كلية التربية جامعة البصرة","academic division","Basra","","","","","","","","needs_review","","From Wikidata; may lack phone/email/website. Source URLs: http://www.wikidata.org/entity/Q12235921"
"كلية التربية للبنات جامعة البصرة","كلية التربية للبنات جامعة البصرة","academic division","Basra","","","","","","","","needs_review","","From Wikidata; may lack phone/email/website. Source URLs: http://www.wikidata.org/entity/Q12235931"
"كلية البصرة الجامعة للعلوم والتكنولوجيا","كلية البصرة الجامعة للعلوم والتكنولوجيا","private university","Basra","","","","","Basra","30.49772016","47.82886914","needs_review","","From Wikidata; may lack phone/email/website. Source URLs: http://www.wikidata.org/entity/Q16123227"
"كلية التربية الإنسانية جامعة البصرة","كلية التربية الإنسانية جامعة البصرة","academic division","Basra","","","","","","","","needs_review","","From Wikidata; may lack phone/email/website. Source URLs: http://www.wikidata.org/entity/Q16123243"
"University of Basrah College of Fine Arts","كلية الاداب جامعة البصرة","academic division","Basra","","","","","Basra","","","needs_review","","From Wikidata; may lack phone/email/website. Source URLs: http://www.wikidata.org/entity/Q12235886"
"Basrah University College of Science and Technology","","academic institution","Basra","","http://basrah-college.com","","","Basra","","","needs_review","","From Wikidata; may lack phone/email/website. Source URLs: http://www.wikidata.org/entity/Q24882941"
"Basrah Technical College","","university","Basra","","","","","","30.45567","47.77166","needs_review","","From Wikidata; may lack phone/email/website. Source URLs: http://www.wikidata.org/entity/Q26856062"
"Q26856076","","university","Basra","","","","","","30.568","47.749","needs_review","","From Wikidata; may lack phone/email/website. Source URLs: http://www.wikidata.org/entity/Q26856076"
"University of Basrah Faculty of Law","","law school","Basra","","","","","","","","needs_review","","From Wikidata; may lack phone/email/website. Source URLs: http://www.wikidata.org/entity/Q101012634"
"University of Basrah College of Medicine","","medical school","Basra","","","","","","","","needs_review","","From Wikidata; may lack phone/email/website. Source URLs: http://www.wikidata.org/entity/Q101012633"
"University of Basrah College of Agriculture","","academic division","Basra","","","","","","","","needs_review","","From Wikidata; may lack phone/email/website. Source URLs: http://www.wikidata.org/entity/Q101012632"
"Duwayhes School","مدرسة الدويحس","school","Basra","","","","","Basra","30.391435","47.705717","needs_review","","From Wikidata; may lack phone/email/website. Source URLs: http://www.wikidata.org/entity/Q112195076"
"al-Najat School","مدرسة النجاة الأهلية","school","Basra","","","","","Az Zubayr","30.39519283","47.70144173","needs_review","","From Wikidata; may lack phone/email/website. Source URLs: http://www.wikidata.org/entity/Q112166580"
"كلية العلوم جامعة البصرة","كلية العلوم جامعة البصرة","academic division","Basra","","","","","","","","needs_review","","From Wikidata; may lack phone/email/website. Source URLs: http://www.wikidata.org/entity/Q12236054"
"كلية الفنون الجميلة جامعة البصرة","كلية الفنون الجميلة جامعة البصرة","academic division","Basra","","","","","","","","needs_review","","From Wikidata; may lack phone/email/website. Source URLs: http://www.wikidata.org/entity/Q12236060"
"كلية القانون جامعة البصرة","كلية القانون جامعة البصرة","academic division","Basra","","","","","","","","needs_review","","From Wikidata; may lack phone/email/website. Source URLs: http://www.wikidata.org/entity/Q12236068"
"كلية طب الأسنان جامعة البصرة","كلية طب الأسنان جامعة البصرة","academic division","Basra","","","","","","","","needs_review","","From Wikidata; may lack phone/email/website. Source URLs: http://www.wikidata.org/entity/Q12236145"
"College of Medicine University of Basra","كلية الطب جامعة البصرة","academic division","Basra","","","","","","","","needs_review","","From Wikidata; may lack phone/email/website. Source URLs: http://www.wikidata.org/entity/Q12236024"
"Basrah Medical College","كلية طب البصرة","medical school","Basra","","http://www.basmedcol.edu.iq","","","Basra","","","official-ish","","Wikidata item with official website; verify before outreach. Source URLs: http://www.wikidata.org/entity/Q4867876"
"al-Mirbad University","جامعة المربد","university","Basra","","","","","Az Zubayr","30.410556","47.722875","needs_review","","From Wikidata; may lack phone/email/website. Source URLs: http://www.wikidata.org/entity/Q130543674"
"University of Basrah College of Engineering","كلية الهندسة جامعة البصرة","academic division","Basra","","","","","Basra","","","needs_review","","From Wikidata; may lack phone/email/website. Source URLs: http://www.wikidata.org/entity/Q12236113"
"Al-Hadba University","كلية الحدباء الجامعة","educational institution","Nineveh","","","","","Mosul","36.34456","43.14462","needs_review","","From Wikidata; may lack phone/email/website. Source URLs: http://www.wikidata.org/entity/Q4702441"
"French International School MLF Danielle Mitterrand","المدرسة الدولية الفرنسية دانيال ميتران","school","Nineveh","","","","","","36.27765","44.0078812","needs_review","","From Wikidata; may lack phone/email/website. Source URLs: http://www.wikidata.org/entity/Q19838939"
"British Royal University","الجامعة الملكية البريطانية","educational institution","Nineveh","","http://broyalu.net","","","Erbil","36.21831","44.02138","needs_review","","From Wikidata; may lack phone/email/website. Source URLs: http://www.wikidata.org/entity/Q30266443"
"University of Mosul Nineveh Medicine College","","medical school","Nineveh","","","","","","","","needs_review","","From Wikidata; may lack phone/email/website. Source URLs: http://www.wikidata.org/entity/Q99298734"
"Rand Institute","معهد رند","private school","Nineveh","","https://rand-institutee.com","","","Duhok","36.8555919","42.960947","needs_review","","From Wikidata; may lack phone/email/website. Source URLs: http://www.wikidata.org/entity/Q111829018"
"Q138647658","","madrasa","Nineveh","","","","","Nineveh","36.3157234","41.8663101","needs_review","","From Wikidata; may lack phone/email/website. Source URLs: http://www.wikidata.org/entity/Q138647658"
"University of Kurdistan Hewler","جامعة كردستان","university","Erbil","","https://www.ukh.edu.krd","","","Erbil","","","needs_review","","From Wikidata; may lack phone/email/website. Source URLs: http://www.wikidata.org/entity/Q3668446"
"French International School MLF Danielle Mitterrand","المدرسة الدولية الفرنسية دانيال ميتران","school","Erbil","","","","","","36.27765","44.0078812","needs_review","","From Wikidata; may lack phone/email/website. Source URLs: http://www.wikidata.org/entity/Q19838939"
"الجامعة الملكية البريطانية","الجامعة الملكية البريطانية","educational institution","Erbil","","","","","Erbil","","","needs_review","","From Wikidata; may lack phone/email/website. Source URLs: http://www.wikidata.org/entity/Q7184253"
"Al-Hadba University","كلية الحدباء الجامعة","educational institution","Duhok","","","","","Mosul","36.34456","43.14462","needs_review","","From Wikidata; may lack phone/email/website. Source URLs: http://www.wikidata.org/entity/Q4702441"
"French International School MLF Danielle Mitterrand","المدرسة الدولية الفرنسية دانيال ميتران","school","Duhok","","","","","","36.27765","44.0078812","needs_review","","From Wikidata; may lack phone/email/website. Source URLs: http://www.wikidata.org/entity/Q19838939"
"Dohuk Polytechnic University","جامعة دهوك التقنية","university","Duhok","","http://dpu.edu.krd","","","","","","needs_review","","From Wikidata; may lack phone/email/website. Source URLs: http://www.wikidata.org/entity/Q20181523"
"University of Duhok School of Medicine","","academic department","Duhok","","","","","","","","needs_review","","From Wikidata; may lack phone/email/website. Source URLs: http://www.wikidata.org/entity/Q101012635"
"University of Duhok Faculty of Medical Science","","medical school","Duhok","","","","","","","","needs_review","","From Wikidata; may lack phone/email/website. Source URLs: http://www.wikidata.org/entity/Q101012636"
"Q5942573","","university","Anbar","","","","","","32.616367","44.032303","needs_review","","From Wikidata; may lack phone/email/website. Source URLs: http://www.wikidata.org/entity/Q5942573"
"كلية الطب جامعة الأنبار","كلية الطب جامعة الأنبار","medical school","Anbar","","","","","","","","needs_review","","From Wikidata; may lack phone/email/website. Source URLs: http://www.wikidata.org/entity/Q16123372"
"كلية الحسين الهندسية الجامعة","كلية الحسين الهندسية الجامعة","private university","Anbar","","","","","Karbala","32.50693527","44.13279787","needs_review","","From Wikidata; may lack phone/email/website. Source URLs: http://www.wikidata.org/entity/Q25450385"
"كلية الصفوة الجامعة","كلية الصفوة الجامعة","academic institution","Anbar","","","","","Karbala","32.62387443","44.00657836","needs_review","","From Wikidata; may lack phone/email/website. Source URLs: http://www.wikidata.org/entity/Q25450311"
"Karbala Technical Institute","","university","Anbar","","","","","","32.5754","44.1732","needs_review","","From Wikidata; may lack phone/email/website. Source URLs: http://www.wikidata.org/entity/Q26856078"
"University of Anbar College of Engineering","","engineering college","Anbar","","","","","","","","needs_review","","From Wikidata; may lack phone/email/website. Source URLs: http://www.wikidata.org/entity/Q99290328"
"College of Basic Education - Haditha","كلية التربية الأساسية","educational institution","Anbar","","https://www.uoanbar.edu.iq/BasicEducationCollege","","","","34.182683","42.375884","official-ish","","Wikidata item with official website; verify before outreach. Source URLs: http://www.wikidata.org/entity/Q112320548"
"كلية التربية - القائم","كلية التربية - القائم","academic division","Anbar","","https://www.uoanbar.edu.iq/QECollege","","","","34.364272","41.164192","official-ish","","Wikidata item with official website; verify before outreach. Source URLs: http://www.wikidata.org/entity/Q112710961"
"Shamash School","مدرسة شماش","secondary school","Diyala","","","","","Baghdad","33.3201","44.4205","needs_review","","From Wikidata; may lack phone/email/website. Source URLs: http://www.wikidata.org/entity/Q7487432"
"Mosque of Morgan","جامع مرجان","school","Diyala","","","","","Baghdad","33.339","44.3935","needs_review","","From Wikidata; may lack phone/email/website. Source URLs: http://www.wikidata.org/entity/Q12204368"
"Markaziyah High School","الإعدادية المركزية","secondary school","Diyala","","","","","Baghdad","33.315","44.3661","needs_review","","From Wikidata; may lack phone/email/website. Source URLs: http://www.wikidata.org/entity/Q6770580"
"Mosque of Ahmadiyah","جامع الأحمدية","school","Diyala","","","","","Baghdad","33.34361111","44.38583333","needs_review","","From Wikidata; may lack phone/email/website. Source URLs: http://www.wikidata.org/entity/Q12204184"
"Mustansiriyya Madrasa","المدرسة المستنصرية","madrasa","Diyala","","","","","Baghdad","33.3385","44.3896","needs_review","","From Wikidata; may lack phone/email/website. Source URLs: http://www.wikidata.org/entity/Q15260416"
"University of Baghdad College of Fine Arts","كلية الفنون الجميلة","art academy","Diyala","","","","","","33.3152","44.3676","needs_review","","From Wikidata; may lack phone/email/website. Source URLs: http://www.wikidata.org/entity/Q16123483"
"كلية التربية بجامعة بغداد","كلية التربية بجامعة بغداد","academic division","Diyala","","","","","","33.35388634","44.39150043","needs_review","","From Wikidata; may lack phone/email/website. Source URLs: http://www.wikidata.org/entity/Q12235925"
"Osol Aldeen University College","كلية أصول الدين الجامعة","academic institution","Diyala","","","","","Baghdad","33.35460455","44.38739369","needs_review","","From Wikidata; may lack phone/email/website. Source URLs: http://www.wikidata.org/entity/Q25450390"
"كلية المصطفى الجامعة","كلية المصطفى الجامعة","private university","Diyala","","","","","Baghdad","33.36160807","44.39986551","needs_review","","From Wikidata; may lack phone/email/website. Source URLs: http://www.wikidata.org/entity/Q25450392"
"Kullīyat al-Isrāʼ al-Jāmiʻah","كلية الأسراء الجامعة","private university","Diyala","","","","","Baghdad","33.31664309","44.42679928","needs_review","","From Wikidata; may lack phone/email/website. Source URLs: http://www.wikidata.org/entity/Q25450393"
"Q26856070","","university","Diyala","","","","","","33.37028","44.38151","needs_review","","From Wikidata; may lack phone/email/website. Source URLs: http://www.wikidata.org/entity/Q26856070"
"Police College","","police college","Diyala","","","","","","33.33432","44.43893","needs_review","","From Wikidata; may lack phone/email/website. Source URLs: http://www.wikidata.org/entity/Q26856060"
"Bilad Alrafidain University College","كلية بلاد الرافدين الجامعة","academic institution","Diyala","","https://bauc14.edu.iq","","","Baqubah","33.77904576","44.60284786","official-ish","","Wikidata item with official website; verify before outreach. Source URLs: http://www.wikidata.org/entity/Q25450410"
"University of Diyala College of Medicine","","medical school","Diyala","","","","","","","","needs_review","","From Wikidata; may lack phone/email/website. Source URLs: http://www.wikidata.org/entity/Q101012631"
"Judicial Institute of Iraq","المعهد القضائي (العراق)","school","Diyala","","","","","Adhamiya district","33.37288889","44.38613889","needs_review","","From Wikidata; may lack phone/email/website. Source URLs: http://www.wikidata.org/entity/Q111412852"
"Baghdad Nuclear Research Facility","منشأة التويثة للأبحاث النووية","laboratory","Diyala","","","","","","33.205","44.515","needs_review","","From Wikidata; may lack phone/email/website. Source URLs: http://www.wikidata.org/entity/Q4841818"
"College of Medicine University of Baghdad","كلية الطب بجامعة بغداد","medical school","Diyala","","","","","","33.3152","44.3661","needs_review","","From Wikidata; may lack phone/email/website. Source URLs: http://www.wikidata.org/entity/Q5146773"
"كلية الآمال الجامعة","كلية الآمال الجامعة","private university","Diyala","","","","","Baghdad","33.29335115","44.40346165","needs_review","","From Wikidata; may lack phone/email/website. Source URLs: http://www.wikidata.org/entity/Q25450680"
"Alasifia school","مدرسة الآصفية","school","Diyala","","","","","Baghdad","33.3775393","44.3706411","needs_review","","From Wikidata; may lack phone/email/website. Source URLs: http://www.wikidata.org/entity/Q12241633"
"Q138647637","","madrasa","Diyala","","","","","Baghdad","33.34647496","44.38323283","needs_review","","From Wikidata; may lack phone/email/website. Source URLs: http://www.wikidata.org/entity/Q138647637"
"Shamash School","مدرسة شماش","secondary school","Salah al-Din","","","","","Baghdad","33.3201","44.4205","needs_review","","From Wikidata; may lack phone/email/website. Source URLs: http://www.wikidata.org/entity/Q7487432"
"Mosque of Morgan","جامع مرجان","school","Salah al-Din","","","","","Baghdad","33.339","44.3935","needs_review","","From Wikidata; may lack phone/email/website. Source URLs: http://www.wikidata.org/entity/Q12204368"
"Markaziyah High School","الإعدادية المركزية","secondary school","Salah al-Din","","","","","Baghdad","33.315","44.3661","needs_review","","From Wikidata; may lack phone/email/website. Source URLs: http://www.wikidata.org/entity/Q6770580"
"Mosque of Ahmadiyah","جامع الأحمدية","school","Salah al-Din","","","","","Baghdad","33.34361111","44.38583333","needs_review","","From Wikidata; may lack phone/email/website. Source URLs: http://www.wikidata.org/entity/Q12204184"
"Mustansiriyya Madrasa","المدرسة المستنصرية","madrasa","Salah al-Din","","","","","Baghdad","33.3385","44.3896","needs_review","","From Wikidata; may lack phone/email/website. Source URLs: http://www.wikidata.org/entity/Q15260416"
"University of Baghdad College of Fine Arts","كلية الفنون الجميلة","art academy","Salah al-Din","","","","","","33.3152","44.3676","needs_review","","From Wikidata; may lack phone/email/website. Source URLs: http://www.wikidata.org/entity/Q16123483"
"كلية التربية بجامعة بغداد","كلية التربية بجامعة بغداد","academic division","Salah al-Din","","","","","","33.35388634","44.39150043","needs_review","","From Wikidata; may lack phone/email/website. Source URLs: http://www.wikidata.org/entity/Q12235925"
"Osol Aldeen University College","كلية أصول الدين الجامعة","academic institution","Salah al-Din","","","","","Baghdad","33.35460455","44.38739369","needs_review","","From Wikidata; may lack phone/email/website. Source URLs: http://www.wikidata.org/entity/Q25450390"
"كلية المصطفى الجامعة","كلية المصطفى الجامعة","private university","Salah al-Din","","","","","Baghdad","33.36160807","44.39986551","needs_review","","From Wikidata; may lack phone/email/website. Source URLs: http://www.wikidata.org/entity/Q25450392"
"Kullīyat al-Isrāʼ al-Jāmiʻah","كلية الأسراء الجامعة","private university","Salah al-Din","","","","","Baghdad","33.31664309","44.42679928","needs_review","","From Wikidata; may lack phone/email/website. Source URLs: http://www.wikidata.org/entity/Q25450393"
"Q26856070","","university","Salah al-Din","","","","","","33.37028","44.38151","needs_review","","From Wikidata; may lack phone/email/website. Source URLs: http://www.wikidata.org/entity/Q26856070"
"Police College","","police college","Salah al-Din","","","","","","33.33432","44.43893","needs_review","","From Wikidata; may lack phone/email/website. Source URLs: http://www.wikidata.org/entity/Q26856060"
"Al Mamoon","","university","Salah al-Din","","","","","","33.29949","44.32561","needs_review","","From Wikidata; may lack phone/email/website. Source URLs: http://www.wikidata.org/entity/Q26856065"
"Judicial Institute of Iraq","المعهد القضائي (العراق)","school","Salah al-Din","","","","","Adhamiya district","33.37288889","44.38613889","needs_review","","From Wikidata; may lack phone/email/website. Source URLs: http://www.wikidata.org/entity/Q111412852"
"Baghdad Nuclear Research Facility","منشأة التويثة للأبحاث النووية","laboratory","Salah al-Din","","","","","","33.205","44.515","needs_review","","From Wikidata; may lack phone/email/website. Source URLs: http://www.wikidata.org/entity/Q4841818"
"College of Medicine University of Baghdad","كلية الطب بجامعة بغداد","medical school","Salah al-Din","","","","","","33.3152","44.3661","needs_review","","From Wikidata; may lack phone/email/website. Source URLs: http://www.wikidata.org/entity/Q5146773"
"كلية الآمال الجامعة","كلية الآمال الجامعة","private university","Salah al-Din","","","","","Baghdad","33.29335115","44.40346165","needs_review","","From Wikidata; may lack phone/email/website. Source URLs: http://www.wikidata.org/entity/Q25450680"
"Alasifia school","مدرسة الآصفية","school","Salah al-Din","","","","","Baghdad","33.3775393","44.3706411","needs_review","","From Wikidata; may lack phone/email/website. Source URLs: http://www.wikidata.org/entity/Q12241633"
"Q138647637","","madrasa","Salah al-Din","","","","","Baghdad","33.34647496","44.38323283","needs_review","","From Wikidata; may lack phone/email/website. Source URLs: http://www.wikidata.org/entity/Q138647637"
"Shamash School","مدرسة شماش","secondary school","Babil","","","","","Baghdad","33.3201","44.4205","needs_review","","From Wikidata; may lack phone/email/website. Source URLs: http://www.wikidata.org/entity/Q7487432"
"Mosque of Morgan","جامع مرجان","school","Babil","","","","","Baghdad","33.339","44.3935","needs_review","","From Wikidata; may lack phone/email/website. Source URLs: http://www.wikidata.org/entity/Q12204368"
"Markaziyah High School","الإعدادية المركزية","secondary school","Babil","","","","","Baghdad","33.315","44.3661","needs_review","","From Wikidata; may lack phone/email/website. Source URLs: http://www.wikidata.org/entity/Q6770580"
"Mosque of Ahmadiyah","جامع الأحمدية","school","Babil","","","","","Baghdad","33.34361111","44.38583333","needs_review","","From Wikidata; may lack phone/email/website. Source URLs: http://www.wikidata.org/entity/Q12204184"
"كلية التربية الرياضية جامعة بابل","كلية التربية الرياضية جامعة بابل","academic division","Babil","","","","","","","","needs_review","","From Wikidata; may lack phone/email/website. Source URLs: http://www.wikidata.org/entity/Q12235913"
"Mustansiriyya Madrasa","المدرسة المستنصرية","madrasa","Babil","","","","","Baghdad","33.3385","44.3896","needs_review","","From Wikidata; may lack phone/email/website. Source URLs: http://www.wikidata.org/entity/Q15260416"
"University of Baghdad College of Fine Arts","كلية الفنون الجميلة","art academy","Babil","","","","","","33.3152","44.3676","needs_review","","From Wikidata; may lack phone/email/website. Source URLs: http://www.wikidata.org/entity/Q16123483"
"كلية الحسين الهندسية الجامعة","كلية الحسين الهندسية الجامعة","private university","Babil","","","","","Karbala","32.50693527","44.13279787","needs_review","","From Wikidata; may lack phone/email/website. Source URLs: http://www.wikidata.org/entity/Q25450385"
"Hilla University College","كلية الحلة الجامعة","private university","Babil","","","","","Hillah","32.32341357","44.38675907","needs_review","","From Wikidata; may lack phone/email/website. Source URLs: http://www.wikidata.org/entity/Q25450384"
"كلية الصفوة الجامعة","كلية الصفوة الجامعة","academic institution","Babil","","","","","Karbala","32.62387443","44.00657836","needs_review","","From Wikidata; may lack phone/email/website. Source URLs: http://www.wikidata.org/entity/Q25450311"
"Kullīyat al-Isrāʼ al-Jāmiʻah","كلية الأسراء الجامعة","private university","Babil","","","","","Baghdad","33.31664309","44.42679928","needs_review","","From Wikidata; may lack phone/email/website. Source URLs: http://www.wikidata.org/entity/Q25450393"
"Police College","","police college","Babil","","","","","","33.33432","44.43893","needs_review","","From Wikidata; may lack phone/email/website. Source URLs: http://www.wikidata.org/entity/Q26856060"
"Al Mamoon","","university","Babil","","","","","","33.29949","44.32561","needs_review","","From Wikidata; may lack phone/email/website. Source URLs: http://www.wikidata.org/entity/Q26856065"
"Karbala Technical Institute","","university","Babil","","","","","","32.5754","44.1732","needs_review","","From Wikidata; may lack phone/email/website. Source URLs: http://www.wikidata.org/entity/Q26856078"
"Baghdad Nuclear Research Facility","منشأة التويثة للأبحاث النووية","laboratory","Babil","","","","","","33.205","44.515","needs_review","","From Wikidata; may lack phone/email/website. Source URLs: http://www.wikidata.org/entity/Q4841818"
"كلية الطب جامعة بابل","كلية الطب جامعة بابل","academic division","Babil","","","","","","","","needs_review","","From Wikidata; may lack phone/email/website. Source URLs: http://www.wikidata.org/entity/Q12236029"
"كلية الفنون الجميلة جامعة بابل","كلية الفنون الجميلة جامعة بابل","academic division","Babil","","","","","","","","needs_review","","From Wikidata; may lack phone/email/website. Source URLs: http://www.wikidata.org/entity/Q12236062"
"College of Medicine University of Baghdad","كلية الطب بجامعة بغداد","medical school","Babil","","","","","","33.3152","44.3661","needs_review","","From Wikidata; may lack phone/email/website. Source URLs: http://www.wikidata.org/entity/Q5146773"
"كلية الآمال الجامعة","كلية الآمال الجامعة","private university","Babil","","","","","Baghdad","33.29335115","44.40346165","needs_review","","From Wikidata; may lack phone/email/website. Source URLs: http://www.wikidata.org/entity/Q25450680"
"Q138647637","","madrasa","Babil","","","","","Baghdad","33.34647496","44.38323283","needs_review","","From Wikidata; may lack phone/email/website. Source URLs: http://www.wikidata.org/entity/Q138647637"
"Islamic University Babylon Campus","الجامعة الاسلامية في بابل","educational institution","Babil","","https://iu-babil.edu.iq","","","","","","official-ish","","Wikidata item with official website; verify before outreach. Source URLs: http://www.wikidata.org/entity/Q137408895"
"Najaf Seminary","حوزة النجف","hawza","Najaf","","","","","Najaf","31.99578949","44.31461167","needs_review","","From Wikidata; may lack phone/email/website. Source URLs: http://www.wikidata.org/entity/Q4454725"
"Q5942573","","university","Najaf","","","","","","32.616367","44.032303","needs_review","","From Wikidata; may lack phone/email/website. Source URLs: http://www.wikidata.org/entity/Q5942573"
"University of Altoosi","كلية الطوسي الجامعة","private university","Najaf","","https://altoosi.edu.iq/ar","","","Najaf","31.99809704","44.33687657","official-ish","","Wikidata item with official website; verify before outreach. Source URLs: http://www.wikidata.org/entity/Q7492970"
"Sura Academy","أكاديمية سورا","yeshiva","Najaf","","","","","Babylon","31.8667","44.45","needs_review","","From Wikidata; may lack phone/email/website. Source URLs: http://www.wikidata.org/entity/Q7645256"
"كلية الحسين الهندسية الجامعة","كلية الحسين الهندسية الجامعة","private university","Najaf","","","","","Karbala","32.50693527","44.13279787","needs_review","","From Wikidata; may lack phone/email/website. Source URLs: http://www.wikidata.org/entity/Q25450385"
"كلية الفقه الجامعة","كلية الفقه الجامعة","educational institution","Najaf","","","","","Najaf","31.9998958","44.32855556","needs_review","","From Wikidata; may lack phone/email/website. Source URLs: http://www.wikidata.org/entity/Q25450406"
"Hilla University College","كلية الحلة الجامعة","private university","Najaf","","","","","Hillah","32.32341357","44.38675907","needs_review","","From Wikidata; may lack phone/email/website. Source URLs: http://www.wikidata.org/entity/Q25450384"
"كلية الصفوة الجامعة","كلية الصفوة الجامعة","academic institution","Najaf","","","","","Karbala","32.62387443","44.00657836","needs_review","","From Wikidata; may lack phone/email/website. Source URLs: http://www.wikidata.org/entity/Q25450311"
"Karbala Technical Institute","","university","Najaf","","","","","","32.5754","44.1732","needs_review","","From Wikidata; may lack phone/email/website. Source URLs: http://www.wikidata.org/entity/Q26856078"
"جامعة واسط كلية التربية","جامعة واسط كلية التربية","university","Wasit","","","","","","","","needs_review","","From Wikidata; may lack phone/email/website. Source URLs: http://www.wikidata.org/entity/Q109840266"
"Wasit University of the Faculty of Education for humanities","كلية القانون جامعة واسط","academic division","Wasit","","","","","","","","needs_review","","From Wikidata; may lack phone/email/website. Source URLs: http://www.wikidata.org/entity/Q12236069"
"Najaf Seminary","حوزة النجف","hawza","Qadisiyyah","","","","","Najaf","31.99578949","44.31461167","needs_review","","From Wikidata; may lack phone/email/website. Source URLs: http://www.wikidata.org/entity/Q4454725"
"Sura Academy","أكاديمية سورا","yeshiva","Qadisiyyah","","","","","Babylon","31.8667","44.45","needs_review","","From Wikidata; may lack phone/email/website. Source URLs: http://www.wikidata.org/entity/Q7645256"
"كلية الإدارة والاقتصاد جامعة القادسية","كلية الإدارة والاقتصاد جامعة القادسية","academic division","Qadisiyyah","","","","","","","","needs_review","","From Wikidata; may lack phone/email/website. Source URLs: http://www.wikidata.org/entity/Q12235880"
"كلية الطب جامعة القادسية","كلية الطب جامعة القادسية","medical school","Qadisiyyah","","","","","","","","needs_review","","From Wikidata; may lack phone/email/website. Source URLs: http://www.wikidata.org/entity/Q16123392"
"كلية الحسين الهندسية الجامعة","كلية الحسين الهندسية الجامعة","private university","Qadisiyyah","","","","","Karbala","32.50693527","44.13279787","needs_review","","From Wikidata; may lack phone/email/website. Source URLs: http://www.wikidata.org/entity/Q25450385"
"كلية الفقه الجامعة","كلية الفقه الجامعة","educational institution","Qadisiyyah","","","","","Najaf","31.9998958","44.32855556","needs_review","","From Wikidata; may lack phone/email/website. Source URLs: http://www.wikidata.org/entity/Q25450406"
"Hilla University College","كلية الحلة الجامعة","private university","Qadisiyyah","","","","","Hillah","32.32341357","44.38675907","needs_review","","From Wikidata; may lack phone/email/website. Source URLs: http://www.wikidata.org/entity/Q25450384"
"Karbala Technical Institute","","university","Qadisiyyah","","","","","","32.5754","44.1732","needs_review","","From Wikidata; may lack phone/email/website. Source URLs: http://www.wikidata.org/entity/Q26856078"
"Al-Ayen University","جامعة العين الاراقية","private university","Maysan","","https://www.alayen.edu.iq","","","Nasiriyah","31.06760231","46.26084942","official-ish","","Wikidata item with official website; verify before outreach. Source URLs: http://www.wikidata.org/entity/Q54874669"
"كلية التربية جامعة المثنى","كلية التربية جامعة المثنى","academic division","Muthanna","","","","","","","","needs_review","","From Wikidata; may lack phone/email/website. Source URLs: http://www.wikidata.org/entity/Q12235923"
"دانشگاه آزاد اسلامی واحد مریوان","","University","Halabja","","","","","","35.4851707","46.1748532","needs_review","","From OSM tags; phone/email/website may be missing or need review. Source URLs: https://www.openstreetmap.org/way/203321885"
"دانشگاه پیام نور مریوان","","University","Halabja","","","","","","35.4983852","46.1663548","needs_review","","From OSM tags; phone/email/website may be missing or need review. Source URLs: https://www.openstreetmap.org/way/211630295"
"هلال احمر","","Education/student foundation","Halabja","","","","","","35.5249179","46.1667134","needs_review","","From OSM tags; phone/email/website may be missing or need review. Source URLs: https://www.openstreetmap.org/way/283050070"
"Halabja Technical College","","College","Halabja","","","","","Halabja","35.2060994","45.9662393","needs_review","","From OSM tags; phone/email/website may be missing or need review. Source URLs: https://www.openstreetmap.org/way/424695848"
"په‌یمانگه‌ى ته‌كنیكى ده‌ربه‌ندیخان","معهد دربنديخان التقني","Technical institute / university","Halabja","","","","","","35.1231039","45.6879287","needs_review","","From OSM tags; phone/email/website may be missing or need review. Source URLs: https://www.openstreetmap.org/way/540969317"
"زانکۆی هەڵەبجە","جامعة حلبجە","University","Halabja","","","","","","35.171757","46.0227151","needs_review","","From OSM tags; phone/email/website may be missing or need review. Source URLs: https://www.openstreetmap.org/way/850767083"
"دانشگاه پیام نور پاوه","","University","Halabja","","","","","","35.055138","46.3506981","needs_review","","From OSM tags; phone/email/website may be missing or need review. Source URLs: https://www.openstreetmap.org/way/993241240"
"zankoy chwarta (zansty zhinga)","","University","Halabja","","","","","چوارتا","35.7230777","45.5639022","needs_review","","From OSM tags; phone/email/website may be missing or need review. Source URLs: https://www.openstreetmap.org/way/996692129"
"کۆلێژی پەروەردەی شارەزوور","کۆلێژی پەروەردەی شارەزوور","College","Halabja","","","","","","35.3190651","45.6791995","needs_review","","From OSM tags; phone/email/website may be missing or need review. Source URLs: https://www.openstreetmap.org/way/1342070560"
"خوێندنگەی باڵامبۆ","خوێندنگەی باڵامبۆ","School","Halabja","","","","","","35.1719149","45.9803984","needs_review","","From OSM tags; phone/email/website may be missing or need review. Source URLs: https://www.openstreetmap.org/way/1471453510"
"خوێندنگەی بنەڕەتی چوارچرا","خوێندنگەی بنەڕەتی چوارچرا","School","Halabja","","","","","","35.1684602","45.985691","needs_review","","From OSM tags; phone/email/website may be missing or need review. Source URLs: https://www.openstreetmap.org/way/1471453511"
"خوێندنگەی ئامادەیی سەفین","خوێندنگەی ئامادەیی سەفین","School","Halabja","","","","","","35.126204","45.6799218","needs_review","","From OSM tags; phone/email/website may be missing or need review. Source URLs: https://www.openstreetmap.org/way/1471710635"
"قوتابخانەی کانی بنەڕەتی / قوتابخانه‌ى ڕۆژى بنه‌ڕه‌تى","قوتابخانەی کانی بنەڕەتی / قوتابخانه‌ى ڕۆژى بنه‌ڕه‌تى","School","Halabja","","","","","","35.1216036","45.6824417","needs_review","","From OSM tags; phone/email/website may be missing or need review. Source URLs: https://www.openstreetmap.org/way/1471723427"
"قوتابخانەی ئامادەیی هەڵگورد","قوتابخانەی ئامادەیی هەڵگورد","School","Halabja","","","","","","35.1241306","45.6800619","needs_review","","From OSM tags; phone/email/website may be missing or need review. Source URLs: https://www.openstreetmap.org/way/1471723428"
"خوێندنگەی کانی سارد","","School","Halabja","","","","","","35.6411555","45.5659759","needs_review","","From OSM tags; phone/email/website may be missing or need review. Source URLs: https://www.openstreetmap.org/way/1497468938"
"پەیمانگەی تەکنیکیی پێنجوێن","Peymangey Teknîkîy Pêncwên","College","Halabja","","","","","","35.6293481","45.9264333","needs_review","","From OSM tags; phone/email/website may be missing or need review. Source URLs: https://www.openstreetmap.org/relation/13362524"
"Q5942573","","university","Karbala","","","","","","32.616367","44.032303","needs_review","","From Wikidata; may lack phone/email/website. Source URLs: http://www.wikidata.org/entity/Q5942573"
"كلية الحسين الهندسية الجامعة","كلية الحسين الهندسية الجامعة","private university","Karbala","","","","","Karbala","32.50693527","44.13279787","needs_review","","From Wikidata; may lack phone/email/website. Source URLs: http://www.wikidata.org/entity/Q25450385"
"Hilla University College","كلية الحلة الجامعة","private university","Karbala","","","","","Hillah","32.32341357","44.38675907","needs_review","","From Wikidata; may lack phone/email/website. Source URLs: http://www.wikidata.org/entity/Q25450384"
"كلية الصفوة الجامعة","كلية الصفوة الجامعة","academic institution","Karbala","","","","","Karbala","32.62387443","44.00657836","needs_review","","From Wikidata; may lack phone/email/website. Source URLs: http://www.wikidata.org/entity/Q25450311"
"Karbala Technical Institute","","university","Karbala","","","","","","32.5754","44.1732","needs_review","","From Wikidata; may lack phone/email/website. Source URLs: http://www.wikidata.org/entity/Q26856078"
"University of Information Technology and Communications","جامعة تكنولوجيا المعلومات والاتصالات","Public university","Baghdad","","uoitc.edu.iq","","","Baghdad","","","Active or listed (verify before outreach)","Federal MoHESR list","2014 on official site; public; Federal MoHESR Source URLs: https://iru.mohesr.gov.iq/result ; https://mohesr.gov.iq/ar/post/%D8%A5%D8%B7%D9%84%D8%A7%D9%82-%D8%AF%D9%84%D9%8A%D9%84-%D8%A7%D9%84%D8%AC%D8%A7%D9%85%D8%B9%D8%A7%D8%AA-%D9%88%D8%A7%D9%84%D9%83%D9%84%D9%8A%D8%A7%D8%AA-%D8%A7%D9%84%D8%A3%D9%87%D9%84%D9%8A%D8%A9-20262025-2025-11-24-21 ; https://mohesr.gov.iq/ar/assets/img/uploaded_files/241120250.pdf"
"Al-Karkh University of Science","جامعة الكرخ للعلوم","Public university","Baghdad","","kus.edu.iq","","","Baghdad","","","Active or listed (verify before outreach)","Federal MoHESR list","public; Federal MoHESR Source URLs: https://iru.mohesr.gov.iq/result ; https://mohesr.gov.iq/ar/post/%D8%A5%D8%B7%D9%84%D8%A7%D9%82-%D8%AF%D9%84%D9%8A%D9%84-%D8%A7%D9%84%D8%AC%D8%A7%D9%85%D8%B9%D8%A7%D8%AA-%D9%88%D8%A7%D9%84%D9%83%D9%84%D9%8A%D8%A7%D8%AA-%D8%A7%D9%84%D8%A3%D9%87%D9%84%D9%8A%D8%A9-20262025-2025-11-24-21 ; https://mohesr.gov.iq/ar/assets/img/uploaded_files/241120250.pdf"
"Al-Furqan University","جامعة الفرقان","","Basra","","—","","","Mosul? no — not Basra","","","Cross-reference / not an institution in this governorate","","see Nineveh Source URLs: https://iru.mohesr.gov.iq/result ; https://mohesr.gov.iq/ar/post/%D8%A5%D8%B7%D9%84%D8%A7%D9%82-%D8%AF%D9%84%D9%8A%D9%84-%D8%A7%D9%84%D8%AC%D8%A7%D9%85%D8%B9%D8%A7%D8%AA-%D9%88%D8%A7%D9%84%D9%83%D9%84%D9%8A%D8%A7%D8%AA-%D8%A7%D9%84%D8%A3%D9%87%D9%84%D9%8A%D8%A9-20262025-2025-11-24-21 ; https://mohesr.gov.iq/ar/assets/img/uploaded_files/241120250.pdf"
"Baba Gurgur University","جامعة بابا كركر","Private university/college","Kirkuk","","babagurgur.net","","","Kirkuk","","","Active or listed (verify before outreach)","official-guide only","2024; private; official-guide only Source URLs: https://iru.mohesr.gov.iq/result ; https://mohesr.gov.iq/ar/post/%D8%A5%D8%B7%D9%84%D8%A7%D9%82-%D8%AF%D9%84%D9%8A%D9%84-%D8%A7%D9%84%D8%AC%D8%A7%D9%85%D8%B9%D8%A7%D8%AA-%D9%88%D8%A7%D9%84%D9%83%D9%84%D9%8A%D8%A7%D8%AA-%D8%A7%D9%84%D8%A3%D9%87%D9%84%D9%8A%D8%A9-20262025-2025-11-24-21 ; https://mohesr.gov.iq/ar/assets/img/uploaded_files/241120250.pdf"
"University of Kurdistan Hawler","","Public university","Erbil","","ukh.edu.krd","","","Erbil","","","Active or listed (verify before outreach)","KRG MoHE list","public; KRG MoHE list Source URLs: https://gov.krd/mohe-en/publications/universities/"
"Kurdistan Board for Medical Specialties","","Public postgraduate/professional institution","Erbil","","kbms.org","","","Erbil","","","Active or listed (verify before outreach)","KRG MoHE list","public postgraduate/professional institution; KRG MoHE list Source URLs: https://gov.krd/mohe-en/publications/universities/"
"Bayan University","","Private university/college","Erbil","","bnu.edu.iq","","","Erbil","","","Active or listed (verify before outreach)","KRG MoHE list","private; KRG MoHE list Source URLs: https://gov.krd/mohe-en/publications/universities/"
"British International University","","Private university/college","Erbil","","website link hosted on gov.krd CDN from KRG list","","","Erbil","","","Active or listed (verify before outreach)","KRG MoHE list","private; KRG MoHE list Source URLs: https://gov.krd/mohe-en/publications/universities/"
"Noble Private Institute","","Private institute / technical institute","Erbil","","noble.edu.krd","","","Erbil","","","Active or listed (verify before outreach)","KRG MoHE list","private institute; KRG MoHE list Source URLs: https://gov.krd/mohe-en/publications/universities/"
"Paitaxt Technical Institute-Erbil","","Private institute / technical institute","Erbil","","pti.edu.krd","","","Erbil","","","Active or listed (verify before outreach)","KRG MoHE list","private technical institute; KRG MoHE list Source URLs: https://gov.krd/mohe-en/publications/universities/"
"Ayinda Private Technical Institute","","Private institute / technical institute","Erbil","","aynda.edu.krd","","","Erbil","","","Active or listed (verify before outreach)","KRG MoHE list","private technical institute; KRG MoHE list Source URLs: https://gov.krd/mohe-en/publications/universities/"
"Kurdistan National Institute of Technology","","Private institute / technical institute","Erbil","","nit.edu.krd","","","Erbil","","","Active or listed (verify before outreach)","KRG MoHE list","private institute; KRG MoHE list Source URLs: https://gov.krd/mohe-en/publications/universities/"
"University of Sulaimani","","Public university","Sulaymaniyah","","univsul.edu.iq","","","Sulaymaniyah","","","Active or listed (verify before outreach)","KRG MoHE list","public; KRG MoHE list Source URLs: https://gov.krd/mohe-en/publications/universities/"
"University of Raparin","","Public university","Sulaymaniyah","","uor.edu.krd","","","Ranya / Raparin area","","","Active or listed (verify before outreach)","KRG MoHE list","public; KRG MoHE list Source URLs: https://gov.krd/mohe-en/publications/universities/"
"Garmian University","","Public university","Sulaymaniyah","","garmian.edu.krd","","","Kalar / Garmian","","","Active or listed (verify before outreach)","KRG MoHE list","public; KRG MoHE list Source URLs: https://gov.krd/mohe-en/publications/universities/"
"Charmo University","","Public university","Sulaymaniyah","","charmouniversity.org","","","Chamchamal","","","Active or listed (verify before outreach)","KRG MoHE list","public; KRG MoHE list Source URLs: https://gov.krd/mohe-en/publications/universities/"
"Sulaimani Polytechnic University","","Public technical university","Sulaymaniyah","","spu.edu.iq","","","Sulaymaniyah","","","Active or listed (verify before outreach)","KRG MoHE list","public/technical; KRG MoHE list Source URLs: https://gov.krd/mohe-en/publications/universities/"
"Garmian Polytechnic University","","Public technical university","Sulaymaniyah","","not found on KRG list page beyond name","","","Garmian","","","Active or listed (verify before outreach)","KRG MoHE list","public/technical; KRG MoHE list Source URLs: https://gov.krd/mohe-en/publications/universities/"
"Cihan University-Sulaimani","","Private university/college","Sulaymaniyah","","sulicihan.edu.krd","","","Sulaymaniyah","","","Active or listed (verify before outreach)","KRG MoHE list","private; KRG MoHE list Source URLs: https://gov.krd/mohe-en/publications/universities/"
"University College of Goizha","","Private university/college","Sulaymaniyah","","uog.edu.iq","","","Sulaymaniyah","","","Active or listed (verify before outreach)","KRG MoHE list","private; KRG MoHE list Source URLs: https://gov.krd/mohe-en/publications/universities/"
"Qaiwan International University","","Private university/college","Sulaymaniyah","","uniq.edu.iq","","","Sulaymaniyah","","","Active or listed (verify before outreach)","KRG MoHE list","private; KRG MoHE list Source URLs: https://gov.krd/mohe-en/publications/universities/"
"Qala University College","","Private university/college","Sulaymaniyah","","qala.edu.iq","","","Sulaymaniyah","","","Active or listed (verify before outreach)","KRG MoHE list","private; KRG MoHE list Source URLs: https://gov.krd/mohe-en/publications/universities/"
"Kurdistan Technical Institute-Sulaimani","","Private institute / technical institute","Sulaymaniyah","","kti.edu.krd","","","Sulaymaniyah","","","Active or listed (verify before outreach)","KRG MoHE list","private institute; KRG MoHE list Source URLs: https://gov.krd/mohe-en/publications/universities/"
"Haibat Sultan Technical Institute","","Private institute / technical institute","Sulaymaniyah","","hsti.edu.krd","","","Sulaymaniyah","","","Active or listed (verify before outreach)","KRG MoHE list","private institute; KRG MoHE list Source URLs: https://gov.krd/mohe-en/publications/universities/"
"Gasha Private Technical Institute","","Private institute / technical institute","Sulaymaniyah","","gti.gasha.edu.iq","","","Sulaymaniyah","","","Active or listed (verify before outreach)","KRG MoHE list","private institute; KRG MoHE list Source URLs: https://gov.krd/mohe-en/publications/universities/"
"Raparin Technical and Vocational Institute","","Private institute / technical institute","Sulaymaniyah","","rtvi.edu.iq","","","Raparin","","","Active or listed (verify before outreach)","KRG MoHE list","private institute; KRG MoHE list Source URLs: https://gov.krd/mohe-en/publications/universities/"
"University of Zakho","","Public university","Duhok","","uoz.edu.krd","","","Zakho","","","Active or listed (verify before outreach)","KRG MoHE list","public; KRG MoHE list Source URLs: https://gov.krd/mohe-en/publications/universities/"
"Duhok Polytechnic University","","Public technical university","Duhok","","dpu.edu.krd","","","Duhok","","","Active or listed (verify before outreach)","KRG MoHE list","public/technical; KRG MoHE list Source URLs: https://gov.krd/mohe-en/publications/universities/"
"Akre University for Applied Sciences","","Public university","Duhok","","auas.edu.krd","","","Akre","","","Active or listed (verify before outreach)","KRG MoHE list","public; KRG MoHE list Source URLs: https://gov.krd/mohe-en/publications/universities/"
"Supplementary units, language centers, and open questions","","Public university","All Iraq","","not applicable","","","All governorates","","","Active or listed (verify before outreach)","","Directory is strongest for stand-alone universities, university colleges, and institutes; moderate for federal private operational contacts; weaker for public-university departmental contacts, social-media completeness, and language/summer-school coverage. Source URLs: https://iru.mohesr.gov.iq/result ; https://mohesr.gov.iq/ar/post/%D8%A5%D8%B7%D9%84%D8%A7%D9%82-%D8%AF%D9%84%D9%8A%D9%84-%D8%A7%D9%84%D8%AC%D8%A7%D9%85%D8%B9%D8%A7%D8%AA-%D9%88%D8%A7%D9%84%D9%83%D9%84%D9%8A%D8%A7%D8%AA-%D8%A7%D9%84%D8%A3%D9%87%D9%84%D9%8A%D8%A9-20262025-2025-11-24-21 ; https://mohesr.gov.iq/ar/assets/img/uploaded_files/241120250.pdf"
"Albani University College status caveat","","","All Iraq","","albani.edu.iq; WordPress/Instagram footprint mentioned","2025","","Baghdad","","","Active or listed (verify before outreach)","","Keep for historical completeness only; do not treat as reliable active institution without new verification. Source URLs: https://iru.mohesr.gov.iq/result ; https://mohesr.gov.iq/ar/post/%D8%A5%D8%B7%D9%84%D8%A7%D9%82-%D8%AF%D9%84%D9%8A%D9%84-%D8%A7%D9%84%D8%AC%D8%A7%D9%85%D8%B9%D8%A7%D8%AA-%D9%88%D8%A7%D9%84%D9%83%D9%84%D9%8A%D8%A7%D8%AA-%D8%A7%D9%84%D8%A3%D9%87%D9%84%D9%8A%D8%A9-20262025-2025-11-24-21 ; https://mohesr.gov.iq/ar/assets/img/uploaded_files/241120250.pdf ; https://mohesr.gov.iq/ar/post/%D9%88%D8%B2%D9%8A%D8%B1-%D8%A7%D9%84%D8%AA%D8%B9%D9%84%D9%8A%D9%85-%D9%8A%D8%B5%D8%AF%D8%B1-%D8%A3%D9%85%D8%B1%D8%A7%D9%8B-%D9%88%D8%B2%D8%A7%D8%B1%D9%8A%D8%A7%D9%8B-%D8%A8%D8%A5%D9%84%D8%BA%D8%A7%D8%A1-%D8%A5%D8%AC%D8%A7%D8%B2%D8%A9-%D8%AA%D8%A3%D8%B3%D9%8A%D8%B3-%D9%83%D9%84%D9%8A%D8%A9-%D8%A3%D9%87%D9%84%D9%8A%D8%A9-%D9%81%D9%8A-%D8%A8%D8%BA%D8%AF%D8%A7%D8%AF-2025-10-16-09"
